[
  {
    "column_name": "accepted_at",
    "data_type": "timestamp without time zone"
  },
  {
    "column_name": "accepted_terms",
    "data_type": "boolean"
  },
  {
    "column_name": "created_at",
    "data_type": "timestamp without time zone"
  },
  {
    "column_name": "dni",
    "data_type": "text"
  },
  {
    "column_name": "email",
    "data_type": "text"
  },
  {
    "column_name": "full_name",
    "data_type": "text"
  },
  {
    "column_name": "id",
    "data_type": "text"
  },
  {
    "column_name": "is_active",
    "data_type": "boolean"
  },
  {
    "column_name": "last_login",
    "data_type": "timestamp without time zone"
  },
  {
    "column_name": "municipality_id",
    "data_type": "text"
  },
  {
    "column_name": "password_hash",
    "data_type": "text"
  },
  {
    "column_name": "permissions",
    "data_type": "jsonb"
  },
  {
    "column_name": "phone",
    "data_type": "text"
  },
  {
    "column_name": "region_id",
    "data_type": "text"
  },
  {
    "column_name": "role",
    "data_type": "USER-DEFINED"
  }
]
